﻿<?xml version="1.0" encoding="UTF-8" standalone="yes"?>
<addon id="plugin.video.VisionPlay" name="[B][COLOR white]VISION PLAY[/COLOR][/B]" version="1.1" provider-name="[B][COLOR white]Team VISION[/COLOR][/B]">
<requires>
    <import addon="xbmc.python" version="2.1.0"/>
    <import addon="script.module.t0mm0.common"/>
    <import addon="script.module.beautifulsoup"/>
    <import addon="script.module.beautifulsoup4"/>
    <import addon="script.module.simple.downloader"/>
    <import addon="script.module.requests"/>
    <import addon="script.module.httplib2"/>
    <import addon="script.module.urlresolver"/>
    <import addon="script.module.simplejson"/>
    <import addon="script.common.plugin.cache"/>
    <import addon="script.module.metahandler"/>
</requires>

<extension point="xbmc.python.pluginsource" library="main.py">
	<provides>video</provides>
</extension>

<extension point="xbmc.addon.repository" name="Team VisionPlay">
	<info compressed="false"></info>
	<checksum></checksum>
    <datadir zip="true"></datadir>
</extension>

<extension point="xbmc.addon.metadata">
    <summary>[COLOR white][B]VISION TEAM - Filmes e Series, você vai encontrar aqui, então entre e fique a vontade[/B][/COLOR]</summary>
    <description lang="en">][COLOR white][B]Tudo o que você precisará quando o universo acabar é de uma toalha.[/B][/COLOR]</description>
    <disclaimer lang="en">[COLOR gold][B]Duvidas ou Sugestões nos chame no WhatsApp (11) 98582-9156[/B][/COLOR]</disclaimer>
	<platform>all</platform>
    <assets>
	<icon>icon.png</icon>
    <fanart>fanart.jpg</fanart>
    <screenshot>resources/screenshots/01.jpg</screenshot>
    <screenshot>resources/screenshots/02.jpg</screenshot>
    <screenshot>resources/screenshots/03.jpg</screenshot>
	</assets>
</extension>

</addon>