<?xml version="1.0" encoding="UTF-8" standalone="yes"?>
<addon id="repository.VisionPlayRepo" name="VisionPlay Repo" version="1.0" provider-name="Alexandre">
    <extension point="xbmc.addon.repository" name="Nome Repository">
        <dir>
            <info compressed="false">https://raw.githubusercontent.com/fini-ux/VisionPlayRepomaster/zips/addons.xml</info>
            <checksum>https://raw.githubusercontent.com/fini-ux/VisionPlayRepo/master/zips/addons.xml.md5</checksum>
            <datadir zip="true">https://raw.githubusercontent.com/fini-ux/VisionPlayRepo/master/zips/</datadir>
        </dir>
    </extension>
    <extension point="xbmc.addon.metadata">
        <summary>REPO VisionPlay</summary>
        <description>Addon VisionPlay Tem De Tudo um Pouco</description>
        <disclaimer></disclaimer>
        <platform>all</platform>
        <assets>
            <icon>icon.png</icon>
            <fanart>fanart.jpg</fanart>
        </assets>
    </extension>
</addon>